model,accuracy,precision,recall,f1_score,auc_roc
XGBoost,0.9965143781899664,0.9950353729676058,0.9980082161085522,0.9965195773772529,0.9998395142382995
