,Accuracy,Precision,Recall,F1-Score,AUC-ROC
Logistic Regression,0.8109672600522844,0.8067288801571709,0.8178762604257438,0.8122643258947889,0.8976471680856986
Random Forest,0.9985684053280219,0.9980104451628948,0.9991285945474916,0.9985692068429238,0.9998165091095583
XGBoost,0.9965143781899664,0.9950353729676058,0.9980082161085522,0.9965195773772529,0.9998395142382995
Gradient Boosting,0.9863064857462965,0.9764605439687767,0.9966388646831819,0.9864465253819615,0.9971058401273881
