,Accuracy,Precision,Recall,F1-Score,AUC-ROC
Logistic Regression,0.8231046931407943,0.8177255478026686,0.8315697746794473,0.8245895568448339,0.907371666133393
Random Forest,0.9983816755881987,0.9972674201962489,0.9995020540271381,0.998383486694852,0.9998613493520728
XGBoost,0.9963898916967509,0.9938080495356038,0.9990041080542761,0.99639930469332,0.9998667267718594
Gradient Boosting,0.9862442424996888,0.9750668936998297,0.9980082161085522,0.9864041833282067,0.9971761650005628
